Time_s,Nodes,Columns,LB,UB,Gap
0.000612384,0,15,,,0
0.843392,1,369,3974.000000,,0
0.892836,2,369,3974.000000,,0
0.99182,3,384,3974.000000,,0
1.0306,4,384,3974.000000,,0
1.13774,5,399,3974.000000,,0
