Time_s,Nodes,Columns,LB,UB,Gap
0.000258053,0,35,,,0
464.725,1,6271,23063.994951,,0
536.382,2,6514,23062.193502,,0
664.329,3,6862,23062.193502,,0
912.743,4,7131,23063.994951,,0
1020.69,5,7263,23089.039890,,0
