Time_s,Nodes,Columns,LB,UB,Gap
0.000154635,0,45,,,0
1811.72,1,14253,81060.560311,,0
1942.6,2,14456,81045.124240,,0
1965.36,3,14495,81025.135365,,0
2058.95,4,14732,81025.135365,,0
2144.47,5,14847,81042.388000,,0
