Time_s,Nodes,Columns,LB,UB,Gap
0.00016305,0,24,,,0
895.623,1,15628,63822.892419,,0
895.825,2,15628,63822.892419,,0
896.108,3,15628,63822.892419,,0
898.506,4,15628,63818.226834,,0
898.781,5,15628,63818.226834,,0
1852.42,6,23985,63810.603917,80563.000000,26.2533
1852.74,7,23985,63810.603917,80563.000000,26.2533
1853.05,8,23985,63810.603917,80563.000000,26.2533
1853.54,9,23985,63810.603917,80563.000000,26.2533
1870.11,10,24032,63792.269989,80563.000000,26.2896
