Time_s,Nodes,Columns,LB,UB,Gap
0.000200429,0,25,,,0
4.78388,1,858,7264.000000,,0
4.89812,2,858,7264.000000,,0
5.01162,3,858,7264.000000,,0
5.11812,4,858,7264.000000,,0
5.22899,5,858,7264.000000,,0
